{
  "hash": "a6add2db",
  "configHash": "055658b7",
  "lockfileHash": "5d5d725e",
  "browserHash": "1c8f759e",
  "optimized": {
    "@angular/common": {
      "src": "../../../../../../node_modules/@angular/common/fesm2022/common.mjs",
      "file": "@angular_common.js",
      "fileHash": "d2336180",
      "needsInterop": false
    },
    "@angular/common/http": {
      "src": "../../../../../../node_modules/@angular/common/fesm2022/http.mjs",
      "file": "@angular_common_http.js",
      "fileHash": "856478ec",
      "needsInterop": false
    },
    "@angular/core": {
      "src": "../../../../../../node_modules/@angular/core/fesm2022/core.mjs",
      "file": "@angular_core.js",
      "fileHash": "b15db3e9",
      "needsInterop": false
    },
    "@angular/forms": {
      "src": "../../../../../../node_modules/@angular/forms/fesm2022/forms.mjs",
      "file": "@angular_forms.js",
      "fileHash": "538dc93e",
      "needsInterop": false
    },
    "@angular/platform-browser": {
      "src": "../../../../../../node_modules/@angular/platform-browser/fesm2022/platform-browser.mjs",
      "file": "@angular_platform-browser.js",
      "fileHash": "5ae866e9",
      "needsInterop": false
    },
    "@angular/router": {
      "src": "../../../../../../node_modules/@angular/router/fesm2022/router.mjs",
      "file": "@angular_router.js",
      "fileHash": "4dfd9ef5",
      "needsInterop": false
    }
  },
  "chunks": {
    "chunk-ROGKQVCZ": {
      "file": "chunk-ROGKQVCZ.js"
    },
    "chunk-3HNBNGUG": {
      "file": "chunk-3HNBNGUG.js"
    },
    "chunk-NVQAXOF4": {
      "file": "chunk-NVQAXOF4.js"
    },
    "chunk-6L2D24VA": {
      "file": "chunk-6L2D24VA.js"
    }
  }
}